time,temperature_2m,relative_humidity_2m,wind_speed_10m,wind_direction_10m,precipitation,boundary_layer_height,lat,lon
2026-07-02 00:00:00,30.6,71,1.9,343,0.0,260.0,28.63,77.22
2026-07-02 01:00:00,29.8,75,2.3,331,0.3,125.0,28.63,77.22
2026-07-02 02:00:00,29.7,77,4.5,104,0.3,295.0,28.63,77.22
2026-07-02 03:00:00,29.2,74,5.0,131,0.0,335.0,28.63,77.22
2026-07-02 04:00:00,29.1,72,3.9,106,0.0,325.0,28.63,77.22
2026-07-02 05:00:00,26.4,94,3.5,9,0.0,320.0,28.63,77.22
2026-07-02 06:00:00,26.0,94,2.4,103,3.2,180.0,28.63,77.22
2026-07-02 07:00:00,26.2,95,3.8,205,1.8,130.0,28.63,77.22
2026-07-02 08:00:00,27.3,89,3.6,200,0.3,200.0,28.63,77.22
2026-07-02 09:00:00,28.8,79,3.6,189,0.0,335.0,28.63,77.22
2026-07-02 10:00:00,28.5,79,2.1,200,0.0,335.0,28.63,77.22
2026-07-02 11:00:00,27.6,79,0.7,270,0.0,290.0,28.63,77.22
2026-07-02 12:00:00,28.3,75,3.0,287,0.0,375.0,28.63,77.22
2026-07-02 13:00:00,29.9,67,4.8,11,0.0,900.0,28.63,77.22
2026-07-02 14:00:00,30.5,64,4.8,340,0.0,840.0,28.63,77.22
2026-07-02 15:00:00,31.3,63,6.5,304,0.0,950.0,28.63,77.22
2026-07-02 16:00:00,31.5,63,5.5,324,0.0,1185.0,28.63,77.22
2026-07-02 17:00:00,31.3,65,4.7,310,0.0,730.0,28.63,77.22
2026-07-02 18:00:00,31.0,68,3.5,332,0.0,450.0,28.63,77.22
2026-07-02 19:00:00,30.3,75,2.4,347,0.0,125.0,28.63,77.22
2026-07-02 20:00:00,30.0,76,4.5,53,0.0,275.0,28.63,77.22
2026-07-02 21:00:00,29.6,78,4.9,73,0.0,270.0,28.63,77.22
2026-07-02 22:00:00,29.3,81,3.4,84,0.0,230.0,28.63,77.22
2026-07-02 23:00:00,29.2,82,3.3,81,0.0,245.0,28.63,77.22
2026-07-03 00:00:00,28.9,84,4.9,73,0.0,280.0,28.63,77.22
2026-07-03 01:00:00,28.5,87,6.7,70,0.0,310.0,28.63,77.22
2026-07-03 02:00:00,28.1,88,6.5,77,0.0,315.0,28.63,77.22
2026-07-03 03:00:00,27.7,90,7.4,67,0.0,395.0,28.63,77.22
2026-07-03 04:00:00,27.0,90,8.2,76,0.1,310.0,28.63,77.22
2026-07-03 05:00:00,26.3,90,11.4,77,0.0,360.0,28.63,77.22
2026-07-03 06:00:00,26.1,91,7.2,90,0.0,255.0,28.63,77.22
2026-07-03 07:00:00,27.4,87,9.2,93,0.0,370.0,28.63,77.22
2026-07-03 08:00:00,28.6,82,7.6,102,0.0,475.0,28.63,77.22
2026-07-03 09:00:00,30.3,74,6.5,103,0.0,640.0,28.63,77.22
2026-07-03 10:00:00,31.5,71,6.9,96,0.0,860.0,28.63,77.22
2026-07-03 11:00:00,31.7,70,7.0,90,0.0,950.0,28.63,77.22
2026-07-03 12:00:00,32.0,69,6.1,78,0.0,940.0,28.63,77.22
2026-07-03 13:00:00,32.3,67,6.0,85,0.1,825.0,28.63,77.22
2026-07-03 14:00:00,33.1,64,7.6,94,0.1,910.0,28.63,77.22
2026-07-03 15:00:00,33.6,62,7.6,104,0.0,1120.0,28.63,77.22
2026-07-03 16:00:00,33.8,61,7.1,100,0.0,1195.0,28.63,77.22
2026-07-03 17:00:00,33.1,64,5.9,125,0.4,770.0,28.63,77.22
2026-07-03 18:00:00,32.8,66,4.2,115,0.1,595.0,28.63,77.22
2026-07-03 19:00:00,31.9,72,3.5,99,0.1,305.0,28.63,77.22
2026-07-03 20:00:00,31.2,75,5.1,80,0.0,350.0,28.63,77.22
2026-07-03 21:00:00,30.7,80,4.2,80,0.0,310.0,28.63,77.22
2026-07-03 22:00:00,30.3,83,4.2,102,0.0,250.0,28.63,77.22
2026-07-03 23:00:00,29.9,85,3.6,99,0.0,230.0,28.63,77.22
2026-07-04 00:00:00,29.7,86,3.9,103,0.0,230.0,28.63,77.22
2026-07-04 01:00:00,29.5,88,4.7,97,0.0,220.0,28.63,77.22
2026-07-04 02:00:00,29.1,89,4.8,79,0.0,205.0,28.63,77.22
2026-07-04 03:00:00,28.9,90,3.9,66,0.0,185.0,28.63,77.22
2026-07-04 04:00:00,28.7,90,4.3,68,0.0,175.0,28.63,77.22
2026-07-04 05:00:00,28.6,90,4.7,92,0.0,180.0,28.63,77.22
2026-07-04 06:00:00,28.9,88,5.0,109,0.0,200.0,28.63,77.22
2026-07-04 07:00:00,30.0,84,4.3,112,0.0,280.0,28.63,77.22
2026-07-04 08:00:00,31.5,75,4.1,113,0.0,485.0,28.63,77.22
2026-07-04 09:00:00,32.9,67,3.7,119,0.0,950.0,28.63,77.22
2026-07-04 10:00:00,34.0,63,4.6,111,0.0,1235.0,28.63,77.22
2026-07-04 11:00:00,34.6,61,6.7,136,0.0,1470.0,28.63,77.22
2026-07-04 12:00:00,33.4,65,5.7,189,0.0,945.0,28.63,77.22
2026-07-04 13:00:00,33.6,66,3.2,214,0.9,1045.0,28.63,77.22
2026-07-04 14:00:00,34.2,63,1.0,239,0.7,1140.0,28.63,77.22
2026-07-04 15:00:00,34.7,59,2.6,106,0.0,1290.0,28.63,77.22
2026-07-04 16:00:00,34.7,59,4.5,95,0.0,1200.0,28.63,77.22
2026-07-04 17:00:00,34.5,60,5.1,84,0.0,1175.0,28.63,77.22
2026-07-04 18:00:00,33.7,64,6.1,95,0.0,705.0,28.63,77.22
2026-07-04 19:00:00,32.5,70,6.4,101,0.0,440.0,28.63,77.22
2026-07-04 20:00:00,31.8,73,5.5,109,0.0,315.0,28.63,77.22
2026-07-04 21:00:00,31.3,76,3.8,101,0.0,250.0,28.63,77.22
2026-07-04 22:00:00,31.1,77,4.4,117,0.0,255.0,28.63,77.22
2026-07-04 23:00:00,30.8,80,5.0,116,0.0,240.0,28.63,77.22
2026-07-02 00:00:00,28.4,87,6.8,348,1.7,65.0,28.7,77.1
2026-07-02 01:00:00,27.7,97,2.9,277,6.2,40.0,28.7,77.1
2026-07-02 02:00:00,28.2,93,1.5,45,1.3,35.0,28.7,77.1
2026-07-02 03:00:00,28.1,93,4.9,24,0.0,95.0,28.7,77.1
2026-07-02 04:00:00,28.0,90,6.5,23,0.0,180.0,28.7,77.1
2026-07-02 05:00:00,26.2,94,7.3,298,0.0,175.0,28.7,77.1
2026-07-02 06:00:00,26.2,94,6.2,105,4.7,175.0,28.7,77.1
2026-07-02 07:00:00,26.2,95,5.1,172,1.0,140.0,28.7,77.1
2026-07-02 08:00:00,27.2,89,6.3,200,0.2,200.0,28.7,77.1
2026-07-02 09:00:00,28.1,82,6.0,197,0.0,315.0,28.7,77.1
2026-07-02 10:00:00,28.5,79,4.2,175,0.0,330.0,28.7,77.1
2026-07-02 11:00:00,27.9,81,1.4,140,0.0,365.0,28.7,77.1
2026-07-02 12:00:00,29.0,75,3.1,301,0.0,520.0,28.7,77.1
2026-07-02 13:00:00,29.9,69,4.5,7,0.0,830.0,28.7,77.1
2026-07-02 14:00:00,30.3,67,5.8,360,0.0,885.0,28.7,77.1
2026-07-02 15:00:00,30.9,65,6.9,313,0.0,760.0,28.7,77.1
2026-07-02 16:00:00,31.3,64,5.6,2,0.0,820.0,28.7,77.1
2026-07-02 17:00:00,31.1,66,5.3,352,0.0,690.0,28.7,77.1
2026-07-02 18:00:00,30.8,68,4.4,19,0.0,605.0,28.7,77.1
2026-07-02 19:00:00,30.3,72,4.5,40,0.0,260.0,28.7,77.1
2026-07-02 20:00:00,29.8,75,5.1,48,0.0,230.0,28.7,77.1
2026-07-02 21:00:00,29.5,78,3.8,45,0.0,205.0,28.7,77.1
2026-07-02 22:00:00,29.3,80,4.0,63,0.0,190.0,28.7,77.1
2026-07-02 23:00:00,29.1,81,4.1,77,0.0,185.0,28.7,77.1
2026-07-03 00:00:00,28.9,83,5.4,75,0.0,255.0,28.7,77.1
2026-07-03 01:00:00,28.5,86,7.2,72,0.0,320.0,28.7,77.1
2026-07-03 02:00:00,28.1,88,7.0,72,0.0,300.0,28.7,77.1
2026-07-03 03:00:00,27.8,88,8.5,66,0.1,370.0,28.7,77.1
2026-07-03 04:00:00,27.1,89,8.7,85,0.1,290.0,28.7,77.1
2026-07-03 05:00:00,26.6,90,10.9,77,0.0,335.0,28.7,77.1
2026-07-03 06:00:00,26.3,90,7.4,86,0.0,255.0,28.7,77.1
2026-07-03 07:00:00,27.6,85,8.8,85,0.0,350.0,28.7,77.1
2026-07-03 08:00:00,28.8,80,8.2,98,0.0,490.0,28.7,77.1
2026-07-03 09:00:00,30.6,73,6.7,106,0.0,680.0,28.7,77.1
2026-07-03 10:00:00,31.9,68,6.3,97,0.0,905.0,28.7,77.1
2026-07-03 11:00:00,32.9,64,6.7,92,0.0,1235.0,28.7,77.1
2026-07-03 12:00:00,32.7,66,7.8,83,0.0,1115.0,28.7,77.1
2026-07-03 13:00:00,31.9,69,7.8,82,0.0,770.0,28.7,77.1
2026-07-03 14:00:00,32.5,67,8.3,89,0.0,830.0,28.7,77.1
2026-07-03 15:00:00,33.6,62,6.8,90,0.0,1080.0,28.7,77.1
2026-07-03 16:00:00,34.1,59,6.5,98,0.0,1290.0,28.7,77.1
2026-07-03 17:00:00,33.7,60,3.9,106,0.0,1080.0,28.7,77.1
2026-07-03 18:00:00,33.2,62,2.8,55,0.0,580.0,28.7,77.1
2026-07-03 19:00:00,31.8,71,4.8,53,0.1,175.0,28.7,77.1
2026-07-03 20:00:00,31.0,77,6.4,63,0.0,265.0,28.7,77.1
2026-07-03 21:00:00,30.7,80,6.6,77,0.0,260.0,28.7,77.1
2026-07-03 22:00:00,30.4,81,6.0,95,0.0,260.0,28.7,77.1
2026-07-03 23:00:00,30.1,84,4.2,100,0.0,230.0,28.7,77.1
2026-07-04 00:00:00,29.9,85,4.8,103,0.0,235.0,28.7,77.1
2026-07-04 01:00:00,29.7,86,5.8,94,0.0,230.0,28.7,77.1
2026-07-04 02:00:00,29.4,88,6.0,81,0.0,215.0,28.7,77.1
2026-07-04 03:00:00,29.1,89,5.5,79,0.0,180.0,28.7,77.1
2026-07-04 04:00:00,28.8,90,5.5,79,0.0,155.0,28.7,77.1
2026-07-04 05:00:00,28.6,90,5.8,90,0.0,170.0,28.7,77.1
2026-07-04 06:00:00,29.0,88,4.7,94,0.0,195.0,28.7,77.1
2026-07-04 07:00:00,30.1,83,3.6,108,0.0,280.0,28.7,77.1
2026-07-04 08:00:00,31.7,74,3.6,108,0.0,550.0,28.7,77.1
2026-07-04 09:00:00,33.1,67,3.2,117,0.0,1015.0,28.7,77.1
2026-07-04 10:00:00,34.3,62,3.4,106,0.1,1275.0,28.7,77.1
2026-07-04 11:00:00,35.2,59,4.1,119,0.0,1530.0,28.7,77.1
2026-07-04 12:00:00,32.0,71,6.0,217,0.4,395.0,28.7,77.1
2026-07-04 13:00:00,32.9,68,3.4,245,0.8,805.0,28.7,77.1
2026-07-04 14:00:00,33.7,64,1.0,135,0.1,955.0,28.7,77.1
2026-07-04 15:00:00,34.6,61,0.2,90,0.0,1175.0,28.7,77.1
2026-07-04 16:00:00,34.8,59,2.3,29,0.0,1275.0,28.7,77.1
2026-07-04 17:00:00,34.8,59,3.5,15,0.0,1260.0,28.7,77.1
2026-07-04 18:00:00,34.1,62,3.3,13,0.0,1055.0,28.7,77.1
2026-07-04 19:00:00,32.7,71,4.6,54,0.0,315.0,28.7,77.1
2026-07-04 20:00:00,31.9,75,6.1,93,0.0,335.0,28.7,77.1
2026-07-04 21:00:00,31.5,76,5.9,110,0.0,275.0,28.7,77.1
2026-07-04 22:00:00,31.1,77,5.6,115,0.0,230.0,28.7,77.1
2026-07-04 23:00:00,30.8,79,6.4,119,0.0,230.0,28.7,77.1
2026-07-02 00:00:00,29.6,77,3.2,124,0.0,155.0,28.55,77.25
2026-07-02 01:00:00,29.1,80,3.0,14,0.1,85.0,28.55,77.25
2026-07-02 02:00:00,28.3,82,5.3,170,0.2,155.0,28.55,77.25
2026-07-02 03:00:00,27.6,82,5.6,174,0.0,135.0,28.55,77.25
2026-07-02 04:00:00,27.5,82,4.0,175,0.0,90.0,28.55,77.25
2026-07-02 05:00:00,25.4,95,7.6,45,0.0,140.0,28.55,77.25
2026-07-02 06:00:00,25.9,93,1.5,173,4.6,65.0,28.55,77.25
2026-07-02 07:00:00,26.0,90,4.0,262,1.0,135.0,28.55,77.25
2026-07-02 08:00:00,27.0,88,3.6,217,0.2,215.0,28.55,77.25
2026-07-02 09:00:00,28.9,80,3.5,204,0.0,395.0,28.55,77.25
2026-07-02 10:00:00,28.5,80,2.2,204,0.0,360.0,28.55,77.25
2026-07-02 11:00:00,27.7,80,3.3,283,0.0,325.0,28.55,77.25
2026-07-02 12:00:00,28.1,76,3.8,295,0.0,370.0,28.55,77.25
2026-07-02 13:00:00,30.1,67,5.6,4,0.0,990.0,28.55,77.25
2026-07-02 14:00:00,30.7,65,6.1,328,0.0,845.0,28.55,77.25
2026-07-02 15:00:00,31.2,64,5.5,328,0.0,1030.0,28.55,77.25
2026-07-02 16:00:00,31.4,64,4.0,302,0.0,1140.0,28.55,77.25
2026-07-02 17:00:00,31.4,63,4.2,288,0.0,865.0,28.55,77.25
2026-07-02 18:00:00,31.3,65,2.1,301,0.0,70.0,28.55,77.25
2026-07-02 19:00:00,30.7,70,1.9,41,0.0,40.0,28.55,77.25
2026-07-02 20:00:00,30.0,75,4.2,65,0.0,180.0,28.55,77.25
2026-07-02 21:00:00,29.5,80,5.2,76,0.0,190.0,28.55,77.25
2026-07-02 22:00:00,29.2,82,3.7,76,0.0,210.0,28.55,77.25
2026-07-02 23:00:00,29.0,83,3.6,81,0.0,205.0,28.55,77.25
2026-07-03 00:00:00,28.6,86,4.2,70,0.0,205.0,28.55,77.25
2026-07-03 01:00:00,28.2,88,6.4,68,0.0,250.0,28.55,77.25
2026-07-03 02:00:00,27.9,90,5.9,78,0.0,295.0,28.55,77.25
2026-07-03 03:00:00,27.6,90,6.5,67,0.0,335.0,28.55,77.25
2026-07-03 04:00:00,26.9,90,8.1,78,0.1,340.0,28.55,77.25
2026-07-03 05:00:00,25.9,91,10.9,63,0.1,340.0,28.55,77.25
2026-07-03 06:00:00,26.2,91,7.6,86,0.0,265.0,28.55,77.25
2026-07-03 07:00:00,27.4,88,9.5,100,0.0,370.0,28.55,77.25
2026-07-03 08:00:00,28.7,82,7.7,101,0.0,495.0,28.55,77.25
2026-07-03 09:00:00,30.1,76,6.3,97,0.1,605.0,28.55,77.25
2026-07-03 10:00:00,30.5,74,7.7,102,0.2,715.0,28.55,77.25
2026-07-03 11:00:00,30.9,72,6.7,90,0.1,740.0,28.55,77.25
2026-07-03 12:00:00,31.4,72,5.6,75,0.1,790.0,28.55,77.25
2026-07-03 13:00:00,32.1,72,5.7,77,0.0,860.0,28.55,77.25
2026-07-03 14:00:00,32.6,69,7.9,87,0.2,860.0,28.55,77.25
2026-07-03 15:00:00,33.0,66,8.0,95,0.1,1050.0,28.55,77.25
2026-07-03 16:00:00,33.0,66,7.2,96,0.0,955.0,28.55,77.25
2026-07-03 17:00:00,32.6,67,4.9,114,0.4,715.0,28.55,77.25
2026-07-03 18:00:00,32.3,70,3.6,96,0.0,405.0,28.55,77.25
2026-07-03 19:00:00,31.4,76,4.7,90,0.0,205.0,28.55,77.25
2026-07-03 20:00:00,30.8,79,6.0,97,0.0,270.0,28.55,77.25
2026-07-03 21:00:00,30.2,83,4.1,103,0.0,195.0,28.55,77.25
2026-07-03 22:00:00,29.9,84,4.3,92,0.0,160.0,28.55,77.25
2026-07-03 23:00:00,29.6,86,4.3,95,0.0,175.0,28.55,77.25
2026-07-04 00:00:00,29.3,88,4.3,105,0.0,180.0,28.55,77.25
2026-07-04 01:00:00,29.0,90,4.3,95,0.0,165.0,28.55,77.25
2026-07-04 02:00:00,28.8,91,4.6,77,0.0,160.0,28.55,77.25
2026-07-04 03:00:00,28.5,92,4.0,72,0.0,150.0,28.55,77.25
2026-07-04 04:00:00,28.3,92,4.0,58,0.0,155.0,28.55,77.25
2026-07-04 05:00:00,28.1,93,3.6,72,0.0,145.0,28.55,77.25
2026-07-04 06:00:00,28.5,91,3.8,107,0.0,160.0,28.55,77.25
2026-07-04 07:00:00,29.5,86,4.3,114,0.0,250.0,28.55,77.25
2026-07-04 08:00:00,31.0,79,4.1,113,0.0,385.0,28.55,77.25
2026-07-04 09:00:00,32.3,72,4.9,118,0.1,825.0,28.55,77.25
2026-07-04 10:00:00,32.7,71,5.8,116,0.1,990.0,28.55,77.25
2026-07-04 11:00:00,33.2,67,6.1,122,0.1,1195.0,28.55,77.25
2026-07-04 12:00:00,33.3,66,4.8,135,0.1,1070.0,28.55,77.25
2026-07-04 13:00:00,33.6,66,4.2,144,0.2,1020.0,28.55,77.25
2026-07-04 14:00:00,34.0,64,1.5,173,0.1,1105.0,28.55,77.25
2026-07-04 15:00:00,33.5,66,4.3,57,0.2,890.0,28.55,77.25
2026-07-04 16:00:00,33.3,68,4.8,59,0.0,700.0,28.55,77.25
2026-07-04 17:00:00,33.1,68,5.6,61,0.0,690.0,28.55,77.25
2026-07-04 18:00:00,32.4,72,5.5,73,0.0,430.0,28.55,77.25
2026-07-04 19:00:00,31.5,78,4.6,79,0.0,210.0,28.55,77.25
2026-07-04 20:00:00,31.0,81,4.5,90,0.0,165.0,28.55,77.25
2026-07-04 21:00:00,30.7,82,3.8,82,0.0,135.0,28.55,77.25
2026-07-04 22:00:00,30.4,84,4.2,108,0.0,135.0,28.55,77.25
2026-07-04 23:00:00,30.0,85,4.7,106,0.0,125.0,28.55,77.25
