datetime,grid_id,centroid_lat,centroid_lon,value
2026-07-12T14:00:00,AHM-0001,22.919431,72.50997,70.7
2026-07-12T14:00:00,AHM-0002,22.920444,72.517441,71.4
2026-07-12T14:00:00,AHM-0003,22.921288,72.539446,73.6
2026-07-12T14:00:00,AHM-0004,22.921458,72.548328,74.4
2026-07-12T14:00:00,AHM-0005,22.919728,72.558573,75.1
2026-07-12T14:00:00,AHM-0006,22.918783,72.56746,75.6
2026-07-12T14:00:00,AHM-0007,22.920457,72.574133,76.1
2026-07-12T14:00:00,AHM-0008,22.921712,72.617308,76.3
2026-07-12T14:00:00,AHM-0009,22.92195,72.623147,76.2
2026-07-12T14:00:00,AHM-0010,22.928293,72.501001,69.6
2026-07-12T14:00:00,AHM-0011,22.926136,72.508851,70.4
2026-07-12T14:00:00,AHM-0012,22.926219,72.518517,71.4
2026-07-12T14:00:00,AHM-0013,22.926471,72.528232,72.5
2026-07-12T14:00:00,AHM-0014,22.926522,72.538004,73.6
2026-07-12T14:00:00,AHM-0015,22.926673,72.547747,74.7
2026-07-12T14:00:00,AHM-0016,22.926823,72.557491,75.6
2026-07-12T14:00:00,AHM-0017,22.926973,72.567235,76.3
2026-07-12T14:00:00,AHM-0018,22.927295,72.576808,76.9
2026-07-12T14:00:00,AHM-0019,22.929176,72.586054,77.3
2026-07-12T14:00:00,AHM-0020,22.930417,72.596489,77.4
2026-07-12T14:00:00,AHM-0021,22.928909,72.606985,77.1
2026-07-12T14:00:00,AHM-0022,22.927712,72.615955,76.8
2026-07-12T14:00:00,AHM-0023,22.927972,72.625587,76.5
2026-07-12T14:00:00,AHM-0024,22.929269,72.635257,76.2
2026-07-12T14:00:00,AHM-0025,22.928876,72.645524,75.8
2026-07-12T14:00:00,AHM-0026,22.928798,72.654636,75.5
2026-07-12T14:00:00,AHM-0027,22.930444,72.663952,75.2
2026-07-12T14:00:00,AHM-0028,22.932069,72.673509,74.9
2026-07-12T14:00:00,AHM-0029,22.938072,72.49294,68.2
2026-07-12T14:00:00,AHM-0030,22.935119,72.499133,69.0
2026-07-12T14:00:00,AHM-0031,22.935091,72.508608,70.0
2026-07-12T14:00:00,AHM-0032,22.935244,72.518352,71.2
2026-07-12T14:00:00,AHM-0033,22.935396,72.528096,72.5
2026-07-12T14:00:00,AHM-0034,22.935547,72.53784,73.9
2026-07-12T14:00:00,AHM-0035,22.935698,72.547585,75.2
2026-07-12T14:00:00,AHM-0036,22.935849,72.557329,76.4
2026-07-12T14:00:00,AHM-0037,22.935998,72.567073,77.3
2026-07-12T14:00:00,AHM-0038,22.936147,72.576818,77.9
2026-07-12T14:00:00,AHM-0039,22.936296,72.586562,78.1
2026-07-12T14:00:00,AHM-0040,22.936444,72.596307,78.0
2026-07-12T14:00:00,AHM-0041,22.936591,72.606052,77.8
2026-07-12T14:00:00,AHM-0042,22.936738,72.615796,77.4
2026-07-12T14:00:00,AHM-0043,22.936884,72.625541,76.9
2026-07-12T14:00:00,AHM-0044,22.93703,72.635286,76.5
2026-07-12T14:00:00,AHM-0045,22.937175,72.645031,76.1
2026-07-12T14:00:00,AHM-0046,22.937319,72.654776,75.7
2026-07-12T14:00:00,AHM-0047,22.937463,72.664522,75.3
2026-07-12T14:00:00,AHM-0048,22.937606,72.674267,75.0
2026-07-12T14:00:00,AHM-0049,22.936704,72.679985,74.8
2026-07-12T14:00:00,AHM-0050,22.944506,72.489957,67.4
2026-07-12T14:00:00,AHM-0051,22.943962,72.498698,68.3
2026-07-12T14:00:00,AHM-0052,22.944116,72.508443,69.5
2026-07-12T14:00:00,AHM-0053,22.944269,72.518188,70.8
2026-07-12T14:00:00,AHM-0054,22.944421,72.527932,72.4
2026-07-12T14:00:00,AHM-0055,22.944572,72.537677,74.1
2026-07-12T14:00:00,AHM-0056,22.944723,72.547422,75.8
2026-07-12T14:00:00,AHM-0057,22.944874,72.557167,77.3
2026-07-12T14:00:00,AHM-0058,22.945024,72.566912,78.5
2026-07-12T14:00:00,AHM-0059,22.945173,72.576657,79.2
2026-07-12T14:00:00,AHM-0060,22.945321,72.586402,79.3
2026-07-12T14:00:00,AHM-0061,22.945469,72.596148,79.1
2026-07-12T14:00:00,AHM-0062,22.945617,72.605893,78.6
2026-07-12T14:00:00,AHM-0063,22.945764,72.615638,78.0
2026-07-12T14:00:00,AHM-0064,22.94591,72.625384,77.4
2026-07-12T14:00:00,AHM-0065,22.946055,72.635129,76.9
2026-07-12T14:00:00,AHM-0066,22.946201,72.644875,76.4
2026-07-12T14:00:00,AHM-0067,22.946345,72.654621,75.9
2026-07-12T14:00:00,AHM-0068,22.946489,72.664367,75.5
2026-07-12T14:00:00,AHM-0069,22.946632,72.674113,75.1
2026-07-12T14:00:00,AHM-0070,22.948098,72.679517,74.9
2026-07-12T14:00:00,AHM-0071,22.953065,72.483002,65.9
2026-07-12T14:00:00,AHM-0072,22.952833,72.488787,66.4
2026-07-12T14:00:00,AHM-0073,22.952987,72.498532,67.4
2026-07-12T14:00:00,AHM-0074,22.953141,72.508278,68.6
2026-07-12T14:00:00,AHM-0075,22.953294,72.518023,70.2
2026-07-12T14:00:00,AHM-0076,22.953446,72.527768,72.0
2026-07-12T14:00:00,AHM-0077,22.953598,72.537514,74.1
2026-07-12T14:00:00,AHM-0078,22.953749,72.547259,76.3
2026-07-12T14:00:00,AHM-0079,22.953899,72.557005,78.4
2026-07-12T14:00:00,AHM-0080,22.954049,72.56675,80.1
2026-07-12T14:00:00,AHM-0081,22.954198,72.576496,80.9
2026-07-12T14:00:00,AHM-0082,22.954347,72.586242,80.8
2026-07-12T14:00:00,AHM-0083,22.954495,72.595988,80.2
2026-07-12T14:00:00,AHM-0084,22.954642,72.605734,79.4
2026-07-12T14:00:00,AHM-0085,22.954789,72.61548,78.6
2026-07-12T14:00:00,AHM-0086,22.954936,72.625226,77.8
2026-07-12T14:00:00,AHM-0087,22.955081,72.634972,77.2
2026-07-12T14:00:00,AHM-0088,22.955226,72.644719,76.6
2026-07-12T14:00:00,AHM-0089,22.955371,72.654465,76.1
2026-07-12T14:00:00,AHM-0090,22.955515,72.664212,75.6
2026-07-12T14:00:00,AHM-0091,22.955377,72.673617,75.2
2026-07-12T14:00:00,AHM-0092,22.953131,72.679984,75.0
2026-07-12T14:00:00,AHM-0093,22.96255,72.48169,64.6
2026-07-12T14:00:00,AHM-0094,22.961858,72.488621,65.2
2026-07-12T14:00:00,AHM-0095,22.962012,72.498366,66.2
2026-07-12T14:00:00,AHM-0096,22.962166,72.508112,67.4
2026-07-12T14:00:00,AHM-0097,22.962319,72.517858,69.1
2026-07-12T14:00:00,AHM-0098,22.962471,72.527604,71.3
2026-07-12T14:00:00,AHM-0099,22.962623,72.53735,73.8
2026-07-12T14:00:00,AHM-0100,22.962774,72.547096,76.6
2026-07-12T14:00:00,AHM-0101,22.962924,72.556843,79.5
2026-07-12T14:00:00,AHM-0102,22.963074,72.566589,82.0
2026-07-12T14:00:00,AHM-0103,22.963224,72.576335,83.1
2026-07-12T14:00:00,AHM-0104,22.963372,72.586082,82.6
2026-07-12T14:00:00,AHM-0105,22.96352,72.595828,81.4
2026-07-12T14:00:00,AHM-0106,22.963668,72.605575,80.2
2026-07-12T14:00:00,AHM-0107,22.963815,72.615322,79.0
2026-07-12T14:00:00,AHM-0108,22.963961,72.625069,78.1
2026-07-12T14:00:00,AHM-0109,22.964107,72.634815,77.3
2026-07-12T14:00:00,AHM-0110,22.964252,72.644562,76.7
2026-07-12T14:00:00,AHM-0111,22.964397,72.654309,76.2
2026-07-12T14:00:00,AHM-0112,22.964541,72.664057,75.7
2026-07-12T14:00:00,AHM-0113,22.964387,72.671595,75.3
2026-07-12T14:00:00,AHM-0114,22.973204,72.472923,62.4
2026-07-12T14:00:00,AHM-0115,22.971044,72.479055,63.1
2026-07-12T14:00:00,AHM-0116,22.970883,72.488454,63.7
2026-07-12T14:00:00,AHM-0117,22.971037,72.4982,64.6
2026-07-12T14:00:00,AHM-0118,22.971191,72.507947,65.8
2026-07-12T14:00:00,AHM-0119,22.971344,72.517693,67.5
2026-07-12T14:00:00,AHM-0120,22.971496,72.52744,69.9
2026-07-12T14:00:00,AHM-0121,22.971648,72.537187,72.9
2026-07-12T14:00:00,AHM-0122,22.971799,72.546933,76.3
2026-07-12T14:00:00,AHM-0123,22.97195,72.55668,80.0
2026-07-12T14:00:00,AHM-0124,22.9721,72.566427,83.6
2026-07-12T14:00:00,AHM-0125,22.972249,72.576174,85.4
2026-07-12T14:00:00,AHM-0126,22.972398,72.585921,84.2
2026-07-12T14:00:00,AHM-0127,22.972546,72.595669,82.6
2026-07-12T14:00:00,AHM-0128,22.972694,72.605416,80.8
2026-07-12T14:00:00,AHM-0129,22.972841,72.615163,79.2
2026-07-12T14:00:00,AHM-0130,22.972987,72.624911,78.1
2026-07-12T14:00:00,AHM-0131,22.973133,72.634658,77.3
2026-07-12T14:00:00,AHM-0132,22.973278,72.644406,76.7
2026-07-12T14:00:00,AHM-0133,22.973423,72.654154,76.2
2026-07-12T14:00:00,AHM-0134,22.973567,72.663901,75.7
2026-07-12T14:00:00,AHM-0135,22.973983,72.671683,75.3
2026-07-12T14:00:00,AHM-0136,22.979758,72.471921,61.3
2026-07-12T14:00:00,AHM-0137,22.979753,72.47854,61.6
2026-07-12T14:00:00,AHM-0138,22.979908,72.488287,62.0
2026-07-12T14:00:00,AHM-0139,22.980062,72.498034,62.6
2026-07-12T14:00:00,AHM-0140,22.980215,72.507781,63.5
2026-07-12T14:00:00,AHM-0141,22.980368,72.517528,65.1
2026-07-12T14:00:00,AHM-0142,22.980521,72.527276,67.7
2026-07-12T14:00:00,AHM-0143,22.980673,72.537023,71.1
2026-07-12T14:00:00,AHM-0144,22.980824,72.54677,75.0
2026-07-12T14:00:00,AHM-0145,22.980975,72.556518,79.0
2026-07-12T14:00:00,AHM-0146,22.981125,72.566266,82.9
2026-07-12T14:00:00,AHM-0147,22.981274,72.576013,85.0
2026-07-12T14:00:00,AHM-0148,22.981423,72.585761,85.3
2026-07-12T14:00:00,AHM-0149,22.981571,72.595509,84.9
2026-07-12T14:00:00,AHM-0150,22.981719,72.605257,80.6
2026-07-12T14:00:00,AHM-0151,22.981866,72.615005,78.5
2026-07-12T14:00:00,AHM-0152,22.982013,72.624753,77.7
2026-07-12T14:00:00,AHM-0153,22.982159,72.634501,77.2
2026-07-12T14:00:00,AHM-0154,22.982304,72.644249,76.7
2026-07-12T14:00:00,AHM-0155,22.982448,72.653998,76.2
2026-07-12T14:00:00,AHM-0156,22.982593,72.663746,75.7
2026-07-12T14:00:00,AHM-0157,22.983049,72.672946,75.2
2026-07-12T14:00:00,AHM-0158,22.989232,72.4708,59.5
2026-07-12T14:00:00,AHM-0159,22.988777,72.478372,59.9
2026-07-12T14:00:00,AHM-0160,22.988932,72.48812,60.2
2026-07-12T14:00:00,AHM-0161,22.989087,72.497868,60.3
2026-07-12T14:00:00,AHM-0162,22.98924,72.507615,60.5
2026-07-12T14:00:00,AHM-0163,22.989393,72.517363,61.7
2026-07-12T14:00:00,AHM-0164,22.989546,72.527111,64.5
2026-07-12T14:00:00,AHM-0165,22.989698,72.536859,68.5
2026-07-12T14:00:00,AHM-0166,22.989849,72.546607,72.7
2026-07-12T14:00:00,AHM-0167,22.99,72.556356,76.4
2026-07-12T14:00:00,AHM-0168,22.99015,72.566104,79.5
2026-07-12T14:00:00,AHM-0169,22.9903,72.575852,82.3
2026-07-12T14:00:00,AHM-0170,22.990449,72.585601,88.2
2026-07-12T14:00:00,AHM-0171,22.990597,72.595349,89.7
2026-07-12T14:00:00,AHM-0172,22.990745,72.605098,76.0
2026-07-12T14:00:00,AHM-0173,22.990892,72.614846,76.8
2026-07-12T14:00:00,AHM-0174,22.991038,72.624595,77.2
2026-07-12T14:00:00,AHM-0175,22.991184,72.634344,76.9
2026-07-12T14:00:00,AHM-0176,22.99133,72.644093,76.6
2026-07-12T14:00:00,AHM-0177,22.991474,72.653842,76.1
2026-07-12T14:00:00,AHM-0178,22.991618,72.663591,75.6
2026-07-12T14:00:00,AHM-0179,22.991762,72.67334,75.1
2026-07-12T14:00:00,AHM-0180,22.992666,72.682452,74.7
2026-07-12T14:00:00,AHM-0181,22.994891,72.688935,74.4
2026-07-12T14:00:00,AHM-0182,22.99757,72.469546,57.8
2026-07-12T14:00:00,AHM-0183,22.997802,72.478205,58.2
2026-07-12T14:00:00,AHM-0184,22.997957,72.487953,58.4
2026-07-12T14:00:00,AHM-0185,22.998111,72.497701,58.0
2026-07-12T14:00:00,AHM-0186,22.998265,72.50745,57.2
2026-07-12T14:00:00,AHM-0187,22.998418,72.517198,57.5
2026-07-12T14:00:00,AHM-0188,22.998571,72.526947,60.6
2026-07-12T14:00:00,AHM-0189,22.998723,72.536695,65.4
2026-07-12T14:00:00,AHM-0190,22.998874,72.546444,70.0
2026-07-12T14:00:00,AHM-0191,22.999025,72.556193,73.2
2026-07-12T14:00:00,AHM-0192,22.999175,72.565942,75.1
2026-07-12T14:00:00,AHM-0193,22.999325,72.575691,77.0
2026-07-12T14:00:00,AHM-0194,22.999474,72.58544,81.8
2026-07-12T14:00:00,AHM-0195,22.999622,72.595189,80.1
2026-07-12T14:00:00,AHM-0196,22.99977,72.604938,74.0
2026-07-12T14:00:00,AHM-0197,22.999917,72.614688,76.1
2026-07-12T14:00:00,AHM-0198,23.000064,72.624437,76.9
2026-07-12T14:00:00,AHM-0199,23.00021,72.634187,76.9
2026-07-12T14:00:00,AHM-0200,23.000355,72.643936,76.6
2026-07-12T14:00:00,AHM-0201,23.0005,72.653686,76.1
2026-07-12T14:00:00,AHM-0202,23.000644,72.663435,75.5
2026-07-12T14:00:00,AHM-0203,23.000788,72.673185,75.0
2026-07-12T14:00:00,AHM-0204,23.000931,72.682935,74.5
2026-07-12T14:00:00,AHM-0205,23.001734,72.69039,74.2
2026-07-12T14:00:00,AHM-0206,23.006453,72.469931,55.7
2026-07-12T14:00:00,AHM-0207,23.006827,72.478037,56.4
2026-07-12T14:00:00,AHM-0208,23.006982,72.487786,56.9
2026-07-12T14:00:00,AHM-0209,23.007136,72.497535,56.3
2026-07-12T14:00:00,AHM-0210,23.00729,72.507284,54.4
2026-07-12T14:00:00,AHM-0211,23.007443,72.517033,53.7
2026-07-12T14:00:00,AHM-0212,23.007596,72.526782,57.0
2026-07-12T14:00:00,AHM-0213,23.007748,72.536532,62.8
2026-07-12T14:00:00,AHM-0214,23.007899,72.546281,67.6
2026-07-12T14:00:00,AHM-0215,23.00805,72.55603,70.5
2026-07-12T14:00:00,AHM-0216,23.008201,72.56578,71.3
2026-07-12T14:00:00,AHM-0217,23.00835,72.57553,70.3
2026-07-12T14:00:00,AHM-0218,23.008499,72.585279,73.8
2026-07-12T14:00:00,AHM-0219,23.008648,72.595029,76.6
2026-07-12T14:00:00,AHM-0220,23.008796,72.604779,76.3
2026-07-12T14:00:00,AHM-0221,23.008943,72.614529,76.7
2026-07-12T14:00:00,AHM-0222,23.00909,72.624279,77.4
2026-07-12T14:00:00,AHM-0223,23.009236,72.634029,77.4
2026-07-12T14:00:00,AHM-0224,23.009381,72.643779,76.8
2026-07-12T14:00:00,AHM-0225,23.009526,72.65353,76.1
2026-07-12T14:00:00,AHM-0226,23.00967,72.66328,75.4
2026-07-12T14:00:00,AHM-0227,23.009814,72.67303,74.8
2026-07-12T14:00:00,AHM-0228,23.009893,72.682703,74.3
2026-07-12T14:00:00,AHM-0229,23.007475,72.689288,74.1
2026-07-12T14:00:00,AHM-0230,23.01333,72.471152,54.0
2026-07-12T14:00:00,AHM-0231,23.015782,72.477956,54.4
2026-07-12T14:00:00,AHM-0232,23.016006,72.487619,55.9
2026-07-12T14:00:00,AHM-0233,23.016161,72.497368,55.7
2026-07-12T14:00:00,AHM-0234,23.016315,72.507118,54.0
2026-07-12T14:00:00,AHM-0235,23.016468,72.516868,53.2
2026-07-12T14:00:00,AHM-0236,23.016621,72.526618,56.3
2026-07-12T14:00:00,AHM-0237,23.016773,72.536368,61.5
2026-07-12T14:00:00,AHM-0238,23.016925,72.546118,65.5
2026-07-12T14:00:00,AHM-0239,23.017076,72.555868,68.2
2026-07-12T14:00:00,AHM-0240,23.017226,72.565618,69.8
2026-07-12T14:00:00,AHM-0241,23.017376,72.575368,69.7
2026-07-12T14:00:00,AHM-0242,23.017525,72.585119,71.5
2026-07-12T14:00:00,AHM-0243,23.017673,72.594869,74.4
2026-07-12T14:00:00,AHM-0244,23.017821,72.60462,75.8
2026-07-12T14:00:00,AHM-0245,23.017968,72.61437,77.4
2026-07-12T14:00:00,AHM-0246,23.018115,72.624121,78.8
2026-07-12T14:00:00,AHM-0247,23.018261,72.633872,78.3
2026-07-12T14:00:00,AHM-0248,23.018407,72.643622,77.1
2026-07-12T14:00:00,AHM-0249,23.018552,72.653373,76.0
2026-07-12T14:00:00,AHM-0250,23.018696,72.663124,75.1
2026-07-12T14:00:00,AHM-0251,23.01884,72.672875,74.5
2026-07-12T14:00:00,AHM-0252,23.018952,72.681859,74.0
2026-07-12T14:00:00,AHM-0253,23.024763,72.478842,52.8
2026-07-12T14:00:00,AHM-0254,23.025031,72.487451,55.0
2026-07-12T14:00:00,AHM-0255,23.025186,72.497202,56.1
2026-07-12T14:00:00,AHM-0256,23.02534,72.506952,55.7
2026-07-12T14:00:00,AHM-0257,23.025493,72.516702,55.9
2026-07-12T14:00:00,AHM-0258,23.025646,72.526453,58.2
2026-07-12T14:00:00,AHM-0259,23.025798,72.536203,61.3
2026-07-12T14:00:00,AHM-0260,23.02595,72.545954,63.2
2026-07-12T14:00:00,AHM-0261,23.026101,72.555705,64.8
2026-07-12T14:00:00,AHM-0262,23.026251,72.565456,67.2
2026-07-12T14:00:00,AHM-0263,23.026401,72.575207,69.3
2026-07-12T14:00:00,AHM-0264,23.02655,72.584958,71.0
2026-07-12T14:00:00,AHM-0265,23.026699,72.594709,73.0
2026-07-12T14:00:00,AHM-0266,23.026847,72.60446,75.0
2026-07-12T14:00:00,AHM-0267,23.026994,72.614211,77.2
2026-07-12T14:00:00,AHM-0268,23.027141,72.623963,78.8
2026-07-12T14:00:00,AHM-0269,23.027287,72.633714,78.3
2026-07-12T14:00:00,AHM-0270,23.027433,72.643466,76.7
2026-07-12T14:00:00,AHM-0271,23.027578,72.653217,75.5
2026-07-12T14:00:00,AHM-0272,23.027722,72.662969,74.6
2026-07-12T14:00:00,AHM-0273,23.027866,72.67272,74.0
2026-07-12T14:00:00,AHM-0274,23.028087,72.682068,73.6
2026-07-12T14:00:00,AHM-0275,23.034189,72.478262,51.9
2026-07-12T14:00:00,AHM-0276,23.034056,72.487284,54.6
2026-07-12T14:00:00,AHM-0277,23.03421,72.497035,56.7
2026-07-12T14:00:00,AHM-0278,23.034365,72.506786,57.5
2026-07-12T14:00:00,AHM-0279,23.034518,72.516537,58.4
2026-07-12T14:00:00,AHM-0280,23.034671,72.526288,59.7
2026-07-12T14:00:00,AHM-0281,23.034823,72.536039,60.7
2026-07-12T14:00:00,AHM-0282,23.034975,72.545791,60.2
2026-07-12T14:00:00,AHM-0283,23.035126,72.555542,59.4
2026-07-12T14:00:00,AHM-0284,23.035276,72.565294,62.1
2026-07-12T14:00:00,AHM-0285,23.035426,72.575045,66.3
2026-07-12T14:00:00,AHM-0286,23.035575,72.584797,69.4
2026-07-12T14:00:00,AHM-0287,23.035724,72.594549,71.6
2026-07-12T14:00:00,AHM-0288,23.035872,72.6043,73.6
2026-07-12T14:00:00,AHM-0289,23.03602,72.614052,75.5
2026-07-12T14:00:00,AHM-0290,23.036166,72.623804,76.7
2026-07-12T14:00:00,AHM-0291,23.036313,72.633556,76.4
2026-07-12T14:00:00,AHM-0292,23.036458,72.643308,75.4
2026-07-12T14:00:00,AHM-0293,23.036603,72.653061,74.4
2026-07-12T14:00:00,AHM-0294,23.036748,72.662813,73.8
2026-07-12T14:00:00,AHM-0295,23.036892,72.672565,73.3
2026-07-12T14:00:00,AHM-0296,23.036497,72.680985,73.1
2026-07-12T14:00:00,AHM-0297,23.046474,72.458506,51.5
2026-07-12T14:00:00,AHM-0298,23.044315,72.468744,51.2
2026-07-12T14:00:00,AHM-0299,23.042925,72.477365,52.5
2026-07-12T14:00:00,AHM-0300,23.04308,72.487116,55.2
2026-07-12T14:00:00,AHM-0301,23.043235,72.496868,57.3
2026-07-12T14:00:00,AHM-0302,23.043389,72.50662,58.7
2026-07-12T14:00:00,AHM-0303,23.043543,72.516371,59.7
2026-07-12T14:00:00,AHM-0304,23.043696,72.526123,60.4
2026-07-12T14:00:00,AHM-0305,23.043848,72.535875,60.1
2026-07-12T14:00:00,AHM-0306,23.044,72.545627,58.2
2026-07-12T14:00:00,AHM-0307,23.044151,72.555379,56.1
2026-07-12T14:00:00,AHM-0308,23.044301,72.565131,58.6
2026-07-12T14:00:00,AHM-0309,23.044451,72.574884,63.7
2026-07-12T14:00:00,AHM-0310,23.044601,72.584636,67.5
2026-07-12T14:00:00,AHM-0311,23.044749,72.594388,70.1
2026-07-12T14:00:00,AHM-0312,23.044898,72.604141,71.9
2026-07-12T14:00:00,AHM-0313,23.045045,72.613893,73.2
2026-07-12T14:00:00,AHM-0314,23.045192,72.623646,73.8
2026-07-12T14:00:00,AHM-0315,23.045338,72.633399,73.7
2026-07-12T14:00:00,AHM-0316,23.045484,72.643151,73.3
2026-07-12T14:00:00,AHM-0317,23.045629,72.652904,72.9
2026-07-12T14:00:00,AHM-0318,23.045774,72.662657,72.7
2026-07-12T14:00:00,AHM-0319,23.045918,72.67241,72.5
2026-07-12T14:00:00,AHM-0320,23.045973,72.67959,72.4
2026-07-12T14:00:00,AHM-0321,23.051444,72.45018,53.3
2026-07-12T14:00:00,AHM-0322,23.051637,72.457693,52.8
2026-07-12T14:00:00,AHM-0323,23.051794,72.467445,53.0
2026-07-12T14:00:00,AHM-0324,23.05195,72.477197,54.3
2026-07-12T14:00:00,AHM-0325,23.052105,72.486949,56.3
2026-07-12T14:00:00,AHM-0326,23.05226,72.496701,58.2
2026-07-12T14:00:00,AHM-0327,23.052414,72.506453,59.5
2026-07-12T14:00:00,AHM-0328,23.052568,72.516206,60.4
2026-07-12T14:00:00,AHM-0329,23.052721,72.525958,60.8
2026-07-12T14:00:00,AHM-0330,23.052873,72.535711,60.3
2026-07-12T14:00:00,AHM-0331,23.053025,72.545463,58.8
2026-07-12T14:00:00,AHM-0332,23.053176,72.555216,57.7
2026-07-12T14:00:00,AHM-0333,23.053327,72.564969,59.5
2026-07-12T14:00:00,AHM-0334,23.053477,72.574722,63.2
2026-07-12T14:00:00,AHM-0335,23.053626,72.584475,66.5
2026-07-12T14:00:00,AHM-0336,23.053775,72.594228,68.8
2026-07-12T14:00:00,AHM-0337,23.053923,72.603981,70.4
2026-07-12T14:00:00,AHM-0338,23.054071,72.613734,71.2
2026-07-12T14:00:00,AHM-0339,23.054218,72.623487,71.4
2026-07-12T14:00:00,AHM-0340,23.054364,72.633241,71.2
2026-07-12T14:00:00,AHM-0341,23.05451,72.642994,71.2
2026-07-12T14:00:00,AHM-0342,23.054655,72.652748,71.4
2026-07-12T14:00:00,AHM-0343,23.0548,72.662501,71.6
2026-07-12T14:00:00,AHM-0344,23.054944,72.672255,71.7
2026-07-12T14:00:00,AHM-0345,23.055268,72.679815,71.7
2026-07-12T14:00:00,AHM-0346,23.058662,72.45068,54.7
2026-07-12T14:00:00,AHM-0347,23.060493,72.457708,54.9
2026-07-12T14:00:00,AHM-0348,23.060818,72.467276,55.2
2026-07-12T14:00:00,AHM-0349,23.060974,72.477028,56.3
2026-07-12T14:00:00,AHM-0350,23.06113,72.486781,57.7
2026-07-12T14:00:00,AHM-0351,23.061285,72.496534,59.1
2026-07-12T14:00:00,AHM-0352,23.061439,72.506287,60.2
2026-07-12T14:00:00,AHM-0353,23.061593,72.51604,61.0
2026-07-12T14:00:00,AHM-0354,23.061746,72.525793,61.3
2026-07-12T14:00:00,AHM-0355,23.061898,72.535546,61.1
2026-07-12T14:00:00,AHM-0356,23.06205,72.5453,60.6
2026-07-12T14:00:00,AHM-0357,23.062201,72.555053,60.4
2026-07-12T14:00:00,AHM-0358,23.062352,72.564806,61.6
2026-07-12T14:00:00,AHM-0359,23.062502,72.57456,63.8
2026-07-12T14:00:00,AHM-0360,23.062651,72.584314,66.1
2026-07-12T14:00:00,AHM-0361,23.0628,72.594067,67.9
2026-07-12T14:00:00,AHM-0362,23.062948,72.603821,69.2
2026-07-12T14:00:00,AHM-0363,23.063096,72.613575,69.9
2026-07-12T14:00:00,AHM-0364,23.063243,72.623329,69.9
2026-07-12T14:00:00,AHM-0365,23.06339,72.633083,69.6
2026-07-12T14:00:00,AHM-0366,23.063535,72.642837,69.8
2026-07-12T14:00:00,AHM-0367,23.063681,72.652591,70.3
2026-07-12T14:00:00,AHM-0368,23.063825,72.662345,70.7
2026-07-12T14:00:00,AHM-0369,23.063969,72.6721,71.0
2026-07-12T14:00:00,AHM-0370,23.064472,72.681306,71.1
2026-07-12T14:00:00,AHM-0371,23.067674,72.687889,71.0
2026-07-12T14:00:00,AHM-0372,23.068862,72.460054,56.7
2026-07-12T14:00:00,AHM-0373,23.069843,72.467107,57.2
2026-07-12T14:00:00,AHM-0374,23.069999,72.47686,57.9
2026-07-12T14:00:00,AHM-0375,23.070154,72.486614,59.0
2026-07-12T14:00:00,AHM-0376,23.070309,72.496367,60.0
2026-07-12T14:00:00,AHM-0377,23.070464,72.506121,60.9
2026-07-12T14:00:00,AHM-0378,23.070617,72.515874,61.5
2026-07-12T14:00:00,AHM-0379,23.070771,72.525628,61.9
2026-07-12T14:00:00,AHM-0380,23.070923,72.535382,62.0
2026-07-12T14:00:00,AHM-0381,23.071075,72.545136,62.0
2026-07-12T14:00:00,AHM-0382,23.071226,72.55489,62.2
2026-07-12T14:00:00,AHM-0383,23.071377,72.564644,63.0
2026-07-12T14:00:00,AHM-0384,23.071527,72.574398,64.3
2026-07-12T14:00:00,AHM-0385,23.071677,72.584152,65.7
2026-07-12T14:00:00,AHM-0386,23.071826,72.593907,67.0
2026-07-12T14:00:00,AHM-0387,23.071974,72.603661,68.2
2026-07-12T14:00:00,AHM-0388,23.072122,72.613416,69.0
2026-07-12T14:00:00,AHM-0389,23.072269,72.62317,69.4
2026-07-12T14:00:00,AHM-0390,23.072415,72.632925,69.3
2026-07-12T14:00:00,AHM-0391,23.072561,72.64268,69.4
2026-07-12T14:00:00,AHM-0392,23.072706,72.652434,69.8
2026-07-12T14:00:00,AHM-0393,23.072851,72.662189,70.2
2026-07-12T14:00:00,AHM-0394,23.072995,72.671944,70.5
2026-07-12T14:00:00,AHM-0395,23.073139,72.681699,70.7
2026-07-12T14:00:00,AHM-0396,23.073676,72.691138,70.8
2026-07-12T14:00:00,AHM-0397,23.074979,72.698383,70.8
2026-07-12T14:00:00,AHM-0398,23.078958,72.460974,58.5
2026-07-12T14:00:00,AHM-0399,23.078867,72.466938,58.7
2026-07-12T14:00:00,AHM-0400,23.079023,72.476692,59.3
2026-07-12T14:00:00,AHM-0401,23.079179,72.486446,60.0
2026-07-12T14:00:00,AHM-0402,23.079334,72.4962,60.8
2026-07-12T14:00:00,AHM-0403,23.079488,72.505954,61.5
2026-07-12T14:00:00,AHM-0404,23.079642,72.515708,62.0
2026-07-12T14:00:00,AHM-0405,23.079795,72.525463,62.4
2026-07-12T14:00:00,AHM-0406,23.079948,72.535217,62.6
2026-07-12T14:00:00,AHM-0407,23.0801,72.544972,62.8
2026-07-12T14:00:00,AHM-0408,23.080251,72.554727,63.0
2026-07-12T14:00:00,AHM-0409,23.080402,72.564481,63.5
2026-07-12T14:00:00,AHM-0410,23.080552,72.574236,64.0
2026-07-12T14:00:00,AHM-0411,23.080702,72.583991,64.8
2026-07-12T14:00:00,AHM-0412,23.080851,72.593746,65.8
2026-07-12T14:00:00,AHM-0413,23.080999,72.603501,67.0
2026-07-12T14:00:00,AHM-0414,23.081147,72.613256,68.2
2026-07-12T14:00:00,AHM-0415,23.081294,72.623012,69.0
2026-07-12T14:00:00,AHM-0416,23.081441,72.632767,69.3
2026-07-12T14:00:00,AHM-0417,23.081587,72.642522,69.4
2026-07-12T14:00:00,AHM-0418,23.081732,72.652278,69.5
2026-07-12T14:00:00,AHM-0419,23.081877,72.662033,69.8
2026-07-12T14:00:00,AHM-0420,23.082021,72.671789,70.1
2026-07-12T14:00:00,AHM-0421,23.08212,72.6815,70.3
2026-07-12T14:00:00,AHM-0422,23.080104,72.689761,70.5
2026-07-12T14:00:00,AHM-0423,23.084468,72.468232,59.5
2026-07-12T14:00:00,AHM-0424,23.087409,72.477248,60.3
2026-07-12T14:00:00,AHM-0425,23.088204,72.486278,60.9
2026-07-12T14:00:00,AHM-0426,23.088359,72.496033,61.5
2026-07-12T14:00:00,AHM-0427,23.088513,72.505788,62.0
2026-07-12T14:00:00,AHM-0428,23.088667,72.515542,62.5
2026-07-12T14:00:00,AHM-0429,23.08882,72.525298,62.8
2026-07-12T14:00:00,AHM-0430,23.088973,72.535053,63.0
2026-07-12T14:00:00,AHM-0431,23.089125,72.544808,63.1
2026-07-12T14:00:00,AHM-0432,23.089277,72.554563,63.1
2026-07-12T14:00:00,AHM-0433,23.089427,72.564319,63.1
2026-07-12T14:00:00,AHM-0434,23.089578,72.574074,63.0
2026-07-12T14:00:00,AHM-0435,23.089727,72.58383,63.1
2026-07-12T14:00:00,AHM-0436,23.089876,72.593585,63.9
2026-07-12T14:00:00,AHM-0437,23.090025,72.603341,65.3
2026-07-12T14:00:00,AHM-0438,23.090173,72.613097,67.0
2026-07-12T14:00:00,AHM-0439,23.09032,72.622853,68.2
2026-07-12T14:00:00,AHM-0440,23.090466,72.632609,68.8
2026-07-12T14:00:00,AHM-0441,23.090613,72.642365,69.1
2026-07-12T14:00:00,AHM-0442,23.090758,72.652121,69.3
2026-07-12T14:00:00,AHM-0443,23.090814,72.661798,69.5
2026-07-12T14:00:00,AHM-0444,23.089896,72.67138,69.7
2026-07-12T14:00:00,AHM-0445,23.088591,72.679263,70.0
2026-07-12T14:00:00,AHM-0446,23.094217,72.479801,61.1
2026-07-12T14:00:00,AHM-0447,23.095971,72.486717,61.5
2026-07-12T14:00:00,AHM-0448,23.097383,72.495865,62.0
2026-07-12T14:00:00,AHM-0449,23.097538,72.505621,62.5
2026-07-12T14:00:00,AHM-0450,23.097692,72.515376,62.8
2026-07-12T14:00:00,AHM-0451,23.097845,72.525132,63.0
2026-07-12T14:00:00,AHM-0452,23.097998,72.534888,63.1
2026-07-12T14:00:00,AHM-0453,23.09815,72.544644,63.1
2026-07-12T14:00:00,AHM-0454,23.098302,72.5544,62.8
2026-07-12T14:00:00,AHM-0455,23.098452,72.564156,62.2
2026-07-12T14:00:00,AHM-0456,23.098603,72.573912,61.4
2026-07-12T14:00:00,AHM-0457,23.098753,72.583668,61.0
2026-07-12T14:00:00,AHM-0458,23.098902,72.593424,61.6
2026-07-12T14:00:00,AHM-0459,23.09905,72.603181,63.4
2026-07-12T14:00:00,AHM-0460,23.099198,72.612937,65.4
2026-07-12T14:00:00,AHM-0461,23.099236,72.622585,67.0
2026-07-12T14:00:00,AHM-0462,23.097698,72.632039,68.1
2026-07-12T14:00:00,AHM-0463,23.097582,72.642557,68.7
2026-07-12T14:00:00,AHM-0464,23.097598,72.651158,68.9
2026-07-12T14:00:00,AHM-0465,23.096182,72.659267,69.2
2026-07-12T14:00:00,AHM-0466,23.105762,72.497253,62.5
2026-07-12T14:00:00,AHM-0467,23.106563,72.505454,62.8
2026-07-12T14:00:00,AHM-0468,23.106717,72.51521,63.1
2026-07-12T14:00:00,AHM-0469,23.10687,72.524967,63.2
2026-07-12T14:00:00,AHM-0470,23.107023,72.534723,63.2
2026-07-12T14:00:00,AHM-0471,23.107175,72.54448,63.0
2026-07-12T14:00:00,AHM-0472,23.107327,72.554236,62.4
2026-07-12T14:00:00,AHM-0473,23.107478,72.563993,61.5
2026-07-12T14:00:00,AHM-0474,23.106605,72.572821,60.5
2026-07-12T14:00:00,AHM-0475,23.104154,72.582648,60.0
2026-07-12T14:00:00,AHM-0476,23.104679,72.594437,60.7
2026-07-12T14:00:00,AHM-0477,23.107443,72.603656,62.1
2026-07-12T14:00:00,AHM-0478,23.108224,72.612778,64.1
2026-07-12T14:00:00,AHM-0479,23.107199,72.619907,65.6
2026-07-12T14:00:00,AHM-0480,23.113311,72.4988,62.9
2026-07-12T14:00:00,AHM-0481,23.115219,72.505587,63.1
2026-07-12T14:00:00,AHM-0482,23.115741,72.515044,63.3
2026-07-12T14:00:00,AHM-0483,23.115895,72.524801,63.3
2026-07-12T14:00:00,AHM-0484,23.116048,72.534558,63.2
2026-07-12T14:00:00,AHM-0485,23.1162,72.544315,62.9
2026-07-12T14:00:00,AHM-0486,23.116352,72.554073,62.3
2026-07-12T14:00:00,AHM-0487,23.1164,72.563669,61.4
2026-07-12T14:00:00,AHM-0488,23.113938,72.606622,62.3
2026-07-12T14:00:00,AHM-0489,23.114091,72.61235,63.5
2026-07-12T14:00:00,AHM-0490,23.124102,72.515829,63.5
2026-07-12T14:00:00,AHM-0491,23.12492,72.524636,63.5
2026-07-12T14:00:00,AHM-0492,23.125073,72.534393,63.3
2026-07-12T14:00:00,AHM-0493,23.125225,72.544151,63.0
2026-07-12T14:00:00,AHM-0494,23.125377,72.553909,62.5
2026-07-12T14:00:00,AHM-0495,23.125562,72.563254,61.7
2026-07-12T14:00:00,AHM-0496,23.132576,72.518379,63.6
2026-07-12T14:00:00,AHM-0497,23.133935,72.52448,63.6
2026-07-12T14:00:00,AHM-0498,23.133301,72.53368,63.5
2026-07-12T14:00:00,AHM-0499,23.131892,72.543943,63.2
2026-07-12T14:00:00,AHM-0500,23.13318,72.554361,62.7
2026-07-12T14:00:00,AHM-0501,23.133512,72.562225,62.3
2026-07-12T14:00:00,AHM-0502,23.13929,72.525522,63.7
