horizon,config,num_leaves,learning_rate,n_estimators,test_rmse,is_best
24,simple,15,0.1,100,304.3332,True
24,medium,31,0.05,200,309.1295,False
24,complex,63,0.03,400,312.4365,False
24,deep,127,0.02,600,320.5177,False
48,simple,15,0.1,100,349.6643,True
48,medium,31,0.05,200,360.9279,False
48,complex,63,0.03,400,373.9519,False
48,deep,127,0.02,600,384.4313,False
72,simple,15,0.1,100,376.4062,True
72,medium,31,0.05,200,386.146,False
72,complex,63,0.03,400,400.4521,False
72,deep,127,0.02,600,410.9087,False
